<beanio xmlns="http://www.beanio.org/2012/03" 
  xmlns:xsi="http://www.w3.org/2001/XMLSchema-instance"
  xsi:schemaLocation="http://www.beanio.org/2012/03 http://www.beanio.org/2012/03/mapping.xsd">

  <stream name="data" format="fixedlength">
    <record name="header"   class="com.lec.file.FileHeader">
      <field name="recordTypeCode" />
      <field name="priorityCode" />
      <field name="iDestination" />
      <field name="iOrigin" />
      <field name="fileCreateDate" />
      <field name="fileCreateTime" />
      <field name="fileIDMod" />
      <field name="recordSize" />
      <field name="blockingFac" />
      <field name="formatCode" />
      <field name="iDestinationName" />
      <field name="iOrginName" />
      <field name="referencecode" />      
    </record>
 
    <record name="batchheader"  class="com.lec.file.BatchHeader">
      <field name="recordTypeCode"  />
      <field name="serviceCode" />
      <field name="comapanyName" />
      <field name="discretionaryData" />
      <field name="compIdentification" />
      <field name="standardEntry"   />
      <field name="companyEntryDescription"  />
      <field name="companyDescriptive" />
      <field name="effectiveEntryDate" />
      <field name="titsettlementDatele" />
      <field name="originator" />
      <field name="originationgDFI"   />
      <field name="batchNumber"   />
    </record>
    
    <record name="detail" class="com.lec.file.EntryDetail">
		<field name="recordTypeCode"/>
		<field name="transactionCode"/>
		<field name="routingNumber"/>
		<field name="routingNumberCredit"/>
		<field name="routingNumberAccount"/>
		<field name="amount"/>
		<field name="receiverID"/>
		<field name="reciever"/>
		<field name="discretionaryData"/>
		<field name="addendaRecord"/>
		<field name="traceNumber"/>
	</record>
	
	 <record name="batchcontrol" class="com.lec.file.BatchControl">
		<field name="recordTypeCode"/>
		<field name="serviceClassCode"/>
		<field name="entryCount"/>
		<field name="entryHash"/>
		<field name="totalDebitEntry"/>
		<field name="totalCreditEntry"/>
		<field name="companyID"/>
		<field name="messageAuthCode"/>
		<field name="reserve"/>
		<field name="originatingDFI"/>
		<field name="batchNumber"/>
	</record>
	
	<record name="FileControl" class="com.lec.file.FileControl">
		<field name="recordTypeCode" />
		<field name="batchCount" />
		<field name="blockCount" />
		<field name="entryAddendaCount" />
		<field name="entryHash" />
		<field name="totalDebitEntryDollarAmount" />
		<field name="totalCreditEntryDollarAmount" />
		<field name="reserve" />
	</record>
	<record name="Padding" class="com.lec.file.Padding">
		<field name="padding" />
	</record>
	
  </stream>
</beanio>
